{
    "swagger": "2.0",
    "info": {
        "version": "1.0.0",
        "title": "Wanbuffer Node API",
        "description": "DWR App and Navigation App Project Application API",
        "contact": {
            "email": "developer@wanbuffer.com"
        }
    },
    "host": "199.241.139.22:9090",
    "basePath": "/",
    "tags": [
        {
            "name": "login",
            "description": "Admin Panel Login"
        },
        {
            "name": "OTP",
            "description": "Access to OTP "
        },
        {
            "name": "user",
            "description": "Operations about user"
        }
    ],
    "schemes": ["http"],
    "paths": {
        "/user/login": {
            "post": {
                "tags": ["user"],
                "summary": "Logs user into the system",
                "description": "",
                "operationId": "loginUser",
                "produces": ["application/json"],
                "parameters": [
                    {
                        "name": "username",
                        "required": true,
                        "type": "string"
                    },
                    {
                        "name": "pwd",
                        "required": true,
                        "type": "string"
                    }
                ],
                "responses": {
                    "200": {
                        "description": "successful operation",
                        "schema": {
                            "type": "string"
                        },
                        "headers": {
                            "X-Rate-Limit": {
                                "type": "integer",
                                "format": "int32",
                                "description": "calls per hour allowed by the user"
                            },
                            "X-Expires-After": {
                                "type": "string",
                                "format": "date-time",
                                "description": "date in UTC when token expires"
                            }
                        }
                    },
                    "400": {
                        "description": "Invalid username/password supplied"
                    }
                }
            }
        },
        "/user/logout": {
            "get": {
                "tags": ["user"],
                "summary": "Logs out current logged in user session",
                "description": "",
                "operationId": "logoutUser",
                "produces": ["application/json"],
                "parameters": [],
                "responses": {
                    "default": {
                        "description": "successful operation"
                    }
                }
            }
        }
    },
    "securityDefinitions": {
        "petstore_auth": {
            "type": "Basic Auth",
            "authorizationUrl": "http://petstore.swagger.io/oauth/dialog",
            "flow": "implicit",
            "scopes": {
                "write:pets": "modify pets in your account",
                "read:pets": "read your pets"
            }
        },
        "api_key": {
            "type": "apiKey",
            "name": "api_key",
            "in": "header"
        }
    }
}
